Influencer/Mainstream,emo_shannon_norm,emo_gini_simpson
1.0,0.8893333490961596,0.8224750553620224
2.0,0.8709972576235768,0.8080815552243857
3.0,0.8162468352045037,0.7831939848129035
